name,domain,category,tier,emoji,brand_type,tagline
StPetePros,stpetepros.com,local,business,ğŸ†,community,Find trusted professionals in St. Petersburg
Soulfra,soulfra.com,tech,foundation,ğŸŒŸ,blog,AI-powered content platform
DeathToData,deathtodata.com,tech,foundation,ğŸ’€,blog,Privacy-first data solutions
Calriven,calriven.com,creative,creative,ğŸ¨,blog,Creative storytelling platform
HowToCookAtHome,howtocookathome.com,lifestyle,creative,ğŸ‘¨â€ğŸ³,blog,Easy home cooking recipes
Example Tech,exampletech.com,tech,business,ğŸ’»,blog,Technology solutions
Creative Studio,creativestudio.com,creative,creative,ğŸ­,blog,Design and creativity
Business Hub,businesshub.com,business,business,ğŸ’¼,blog,Business resources and tools
Gaming World,gamingworld.com,gaming,creative,ğŸ®,game,Gaming community and reviews
Health First,healthfirst.com,health,business,ğŸ¥,blog,Health and wellness tips
